{
  "systemInfo" : {
    "cpuUsage" : 0,
    "batteryLevel" : 45,
    "availableMemory" : 5910085632,
    "isLowPowerMode" : false
  },
  "appInfo" : {
    "build" : "24",
    "version" : "1.4.1"
  },
  "extendedBatteryInfo" : {
    "tempDelta" : 0,
    "cellVoltageMax" : 3.3310000896453857,
    "cellVoltageStdDev" : 0.00058302442863237972,
    "tempMin" : 25,
    "cellVoltageMin" : 3.3289999961853027,
    "cellVoltageDelta" : 0.0020000934600830078,
    "tempMax" : 25,
    "cellVoltageAverage" : 3.3303127288818359,
    "protectionStatus" : {
      "overcurrent" : false,
      "overtemperature" : false,
      "overvoltage" : false,
      "shortCircuit" : false,
      "undervoltage" : false
    }
  },
  "protocolInfo" : {
    "currentValues" : {
      "canProtocol" : "P01-GRW",
      "moduleId" : "ID 1",
      "rs485Protocol" : "P01-GRW"
    },
    "statistics" : {
      "errors" : 0,
      "successes" : 11,
      "warnings" : 0,
      "totalLogs" : 30
    },
    "recentLogs" : [
      "[10:03:29] [PROTOCOL MANAGER] 🎉 All protocols loaded successfully!",
      "[10:03:29] [PROTOCOL MANAGER] ✅ CAN loaded: P01-GRW",
      "[10:03:29] [QUEUE] ✅ getCAN completed in 2015ms",
      "[10:03:29] [BLUETOOTH] ✅ Got control data response",
      "[10:03:29] [BLUETOOTH] Is control data: true",
      "[10:03:29] [BLUETOOTH] 📥 Received notification: 100470000b5030312d4752570000005030322d534c4b0000005030332d4459000000005030342d4d47520000005030352d5643540000005030362d4c55580000005030372d534d410000005030382d494e480000005030392d534f4c0000005031302d41464f0000005031312d53545500000087b8",
      "[10:03:29] [BLUETOOTH] 📡 Started observing notifications...",
      "[10:03:29] [BLUETOOTH] 📤 Writing control data: 10040072c5",
      "[10:03:29] [QUEUE] 🚀 Executing getCAN",
      "[10:03:29] [PROTOCOL MANAGER] ✅ RS485 loaded: P01-GRW",
      "[10:03:29] [QUEUE] ✅ getRS485 completed in 1482ms",
      "[10:03:29] [BLUETOOTH] ✅ Got control data response",
      "[10:03:29] [BLUETOOTH] Is control data: true",
      "[10:03:29] [BLUETOOTH] 📥 Received notification: 10033400055030312d4752570000005030322d4c55580000005030332d5343480000005030342d494e480000005030352d564f4c000000bcd8",
      "[10:03:28] [QUEUE] ⏳ Waiting 497ms before getCAN",
      "[10:03:28] [BLUETOOTH] 📡 Started observing notifications...",
      "[10:03:28] [BLUETOOTH] 📤 Writing control data: 10030070f5",
      "[10:03:28] [QUEUE] 🚀 Executing getRS485",
      "[10:03:28] [PROTOCOL MANAGER] ✅ Module ID loaded: ID 1",
      "[10:03:28] [QUEUE] ✅ getModuleId completed in 955ms",
      "[10:03:28] [BLUETOOTH] ✅ Got control data response",
      "[10:03:28] [BLUETOOTH] Is control data: true",
      "[10:03:28] [BLUETOOTH] 📥 Received notification: 100201016574",
      "[10:03:28] [QUEUE] ⏳ Waiting 498ms before getRS485",
      "[10:03:28] [BLUETOOTH] 📡 Started observing notifications...",
      "[10:03:28] [BLUETOOTH] 📤 Writing control data: 1002007165",
      "[10:03:28] [QUEUE] 🚀 Executing getModuleId",
      "[10:03:28] [PROTOCOL MANAGER] 🎉 All protocols loaded successfully!",
      "[10:03:28] [PROTOCOL MANAGER] ✅ CAN loaded: P01-GRW",
      "[10:03:28] [QUEUE] ✅ getCAN completed in 1198ms"
    ],
    "lastUpdateTime" : "10:03:32 13.10.2025"
  },
  "bluetoothInfo" : {
    "peripheralIdentifier" : "1997B63E-02F2-BB1F-C0DE-63B68D347427",
    "state" : "poweredOn",
    "connectionAttempts" : 0,
    "peripheralName" : "BB-51.2V100Ah-0855"
  },
  "connectionProcessInfo" : {
    "steps" : [
      {
        "step" : "connection",
        "timestamp" : "10:03:31 13.10.2025",
        "message" : "Device connected: BB-51.2V100Ah-0855",
        "status" : "success"
      },
      {
        "message" : "Diagnostics screen launched",
        "step" : "connection",
        "timestamp" : "10:03:31 13.10.2025",
        "status" : "success"
      },
      {
        "timestamp" : "10:03:31 13.10.2025",
        "step" : "connection",
        "message" : "Device connected: BB-51.2V100Ah-0855",
        "status" : "success"
      }
    ]
  },
  "rawDataInfo" : {
    "parseErrors" : [

    ],
    "lastReceivedPacket" : "B81E55420000000050000000000000006400000000000000560E55401B2F5540B81E5540B81E5540B81E55401B2F5540B81E55401B2F5540B81E55401B2F5540B81E55401B2F5540B81E55401B2F5540B81E5540B81E5540191919191919",
    "packetHistory" : [
      {
        "timestamp" : "10:03:32 13.10.2025",
        "data" : "B81E55420000000050000000000000006400000000000000560E55401B2F5540B81E5540B81E5540B81E55401B2F5540B81E55401B2F5540B81E55401B2F5540B81E55401B2F5540B81E55401B2F5540B81E5540B81E5540191919191919",
        "parseResult" : "success"
      }
    ]
  },
  "communicationErrorsInfo" : {
    "crcErrors" : 0,
    "retries" : 0,
    "timeouts" : 0,
    "packetLoss" : 0
  },
  "events" : [
    {
      "type" : "Connection",
      "message" : "Device connected: BB-51.2V100Ah-0855",
      "timestamp" : "10:03:31 13.10.2025"
    },
    {
      "timestamp" : "10:03:31 13.10.2025",
      "message" : "Diagnostics screen launched",
      "type" : "Connection"
    },
    {
      "message" : "Device connected: BB-51.2V100Ah-0855",
      "type" : "Connection",
      "timestamp" : "10:03:31 13.10.2025"
    },
    {
      "message" : "New battery data received",
      "timestamp" : "10:03:31 13.10.2025",
      "type" : "Data Update"
    }
  ],
  "deviceInfo" : {
    "model" : "iPhone",
    "systemName" : "iOS",
    "name" : "iPhone",
    "systemVersion" : "26.0"
  },
  "batteryInfo" : {
    "voltage" : 53.279998779296875,
    "status" : "Standby",
    "cellTemps" : [
      25,
      25,
      25,
      25
    ],
    "tempPCB" : 25,
    "tempEnv" : 25,
    "current" : 0,
    "cellVoltages" : [
      3.3289999961853027,
      3.3310000896453857,
      3.3299999237060547,
      3.3299999237060547,
      3.3299999237060547,
      3.3310000896453857,
      3.3299999237060547,
      3.3310000896453857,
      3.3299999237060547,
      3.3310000896453857,
      3.3299999237060547,
      3.3310000896453857,
      3.3299999237060547,
      3.3310000896453857,
      3.3299999237060547,
      3.3299999237060547
    ],
    "soc" : 80,
    "cellCount" : 16,
    "timestamp" : "10:03:32 13.10.2025",
    "soh" : 100
  },
  "timestamp" : "10:03:32 13.10.2025"
}